uniqueid,term,primary_section_id,title,instructor,part_of_term,start_date,end_date,days_code,start_time_24hr,stop_time_24hr,credit_unit,capacity,price_predicted,resid_mean,resid_stdev,overall_course_quality,overall_instructor_quality,overall_difficulty,overall_work_required,instructor_1,instructor_1_course_quality,instructor_1_quality,instructor_1_difficulty,instructor_1_work_required,instructor_2,instructor_2_course_quality,instructor_2_quality,instructor_2_difficulty,instructor_2_work_required,instructor_3,instructor_3_course_quality,instructor_3_quality,instructor_3_difficulty,instructor_3_work_required
1,202510,ACCT6130001,Fundamentals of Financial and Managerial Accounting,LANE,S,1/21/24,4/24/24,TR,10:15 AM,11:44 AM,1,78,1875,-15,188,2.8,3.1,2.9,2.6,LANE,2.91,3.29,3.21,3.08,,,,,,,,,,
2,202510,ACCT6130002,Fundamentals of Financial and Managerial Accounting,LANE,S,1/21/24,4/24/24,TR,1:45 PM,3:14 PM,1,78,2663,-78,188,2.8,3.1,2.9,2.6,LANE,2.91,3.29,3.21,3.08,,,,,,,,,,
3,202510,ACCT6130003,Fundamentals of Financial and Managerial Accounting,LANE,S,1/21/24,4/24/24,TR,3:30 PM,4:59 PM,1,78,2369,-31,70,2.8,3.1,2.9,2.6,LANE,2.91,3.29,3.21,3.08,,,,,,,,,,
4,202510,ACCT7060002,Cost Management,ITTNER,4,3/17/24,4/24/24,TR,12:00 PM,1:29 PM,0.5,60,0,-6,13,3.0,3.3,2.4,2.3,ITTNER,2.99,3.29,2.36,2.25,,,,,,,,,,
5,202510,ACCT7420401,Financial Reporting and Business Analysis,FISCHER,S,1/21/24,4/24/24,TR,3:30 PM,4:59 PM,1,38,1388,5,14,2.9,3,2.9,2.7,FISCHER,2.95,3.09,3.12,2.99,,,,,,,,,,
6,202510,ACCT7430401,"Accounting for Mergers, Acquisitions and Complex Financial Structures",FISCHER,S,1/21/24,4/24/24,TR,10:15 AM,11:44 AM,1,30,429,37,96,2.9,2.9,3.5,3.2,FISCHER,3.46,3.67,3.28,2.71,,,,,,,,,,
7,202510,ACCT7470001,Financial Disclosure Analytics,BUSHEE,S,1/21/24,4/24/24,TR,8:30 AM,9:59 AM,1,100,0,-0,50,3.3,3.7,1.8,1.8,BUSHEE,3.26,3.7,1.82,1.81,,,,,,,,,,
8,202510,ACCT7470002,Financial Disclosure Analytics,BUSHEE,S,1/21/24,4/24/24,TR,10:15 AM,11:44 AM,1,100,19,-12,14,3.3,3.7,1.8,1.8,BUSHEE,3.26,3.7,1.82,1.81,,,,,,,,,,
9,202510,ACCT7900401,Accounting for Entrepreneurs,ITTNER,S,1/21/24,4/24/24,TR,10:15 AM,11:44 AM,1,39,0,0,50,,,,,ITTNER,,,,,,,,,,,,,,
10,202510,ACCT7970401,Taxes and Business Strategy,BLOUIN,S,1/21/24,4/24/24,MW,8:30 AM,9:59 AM,1,78,0,0,50,3.2,3.4,3.4,2.9,BLOUIN,3.25,3.53,3.43,2.87,,,,,,,,,,
11,202510,ACCT7970402,Taxes and Business Strategy,BLOUIN,S,1/21/24,4/24/24,MW,10:15 AM,11:44 AM,1,78,0,0,50,3.2,3.4,3.4,2.9,BLOUIN,3.25,3.53,3.43,2.87,,,,,,,,,,
12,202510,BEPP6200001,"Behavioral Economics, Markets and Public Policy",KESSLER,S,1/21/24,4/24/24,MW,1:45 PM,3:14 PM,1,78,183,-10,19,3,3.5,2.3,2,KESSLER,3,3.45,2.21,2.03,,,,,,,,,,
13,202510,BEPP7630401,Energy Markets & Policy,VAN BENTHEM,S,1/21/24,4/24/24,TR,10:15 AM,11:44 AM,1,78,2081,-46,73,3.3,3.5,3.4,3.4,VAN BENTHEM,3.31,3.55,3.39,3.41,,,,,,,,,,
14,202510,BEPP7650401,Economics of Diversity and Discrimination,LOW,S,1/21/24,4/24/24,TR,10:15 AM,11:44 AM,1,63,1206,-35,98,3.4,3.5,1.3,1.5,LOW,3.37,3.46,1.32,1.52,,,,,,,,,,
15,202510,BEPP7650402,Economics of Diversity and Discrimination,LOW,S,1/21/24,4/24/24,TR,1:45 PM,3:14 PM,1,63,1461,-35,98,3.4,3.5,1.3,1.5,LOW,3.37,3.46,1.32,1.52,,,,,,,,,,
16,202510,BEPP7700401,Public Finance and Policy,SELMAN,S,1/21/24,4/24/24,MW,12:00 PM,1:29 PM,1,30,0,0,50,2.6,2.9,2.5,2.4,SELMAN,2.45,2.73,2.5,2.08,,,,,,,,,,
17,202510,BEPP7890001,"Economic Globalization: Policy, History and Contemporary Issues",KAYA ORLOFF,S,1/21/24,4/24/24,MW,10:15 AM,11:44 AM,1,65,303,-424,573,3,3,2.6,2.5,ORLOFF,3.27,3.36,2.77,2.61,,,,,,,,,,
18,202510,BEPP8050401,Risk Management,SELMAN,S,1/21/24,4/24/24,TR,10:15 AM,11:44 AM,1,20,47,-7,10,2.1,2.5,2.6,2,SELMAN,2.37,2.88,2.94,2.16,,,,,,,,,,
19,202510,FNCE6110001,Corporate Finance,INDARTE / ZENG,S,1/21/24,4/24/24,TR,8:30 AM,9:59 AM,1,65,1383,-10,152,2.8,3,2.8,2.6,INDARTE,2.38,2.67,2.93,2.58,ZENG,2.77,3.25,2.33,2,,,,,
20,202510,FNCE6110002,Corporate Finance,INDARTE / ZENG,S,1/21/24,4/24/24,TR,10:15 AM,11:44 AM,1,65,1374,-10,152,2.8,3,2.8,2.6,INDARTE,2.38,2.67,2.93,2.58,ZENG,2.77,3.25,2.33,2,,,,,
21,202510,FNCE6110003,Corporate Finance,INDARTE / ZENG,S,1/21/24,4/24/24,TR,1:45 PM,3:14 PM,1,65,1526,-10,152,2.8,3,2.8,2.6,INDARTE,2.38,2.67,2.93,2.58,ZENG,2.77,3.25,2.33,2,,,,,
22,202510,FNCE6110004,Corporate Finance,INDARTE / ZENG,S,1/21/24,4/24/24,TR,3:30 PM,4:59 PM,1,65,1542,-10,152,2.8,3,2.8,2.6,INDARTE,2.38,2.67,2.93,2.58,ZENG,2.77,3.25,2.33,2,,,,,
23,202510,FNCE6130001,Macroeconomics and the Global Economic Environment,LJUNGQVIST,S,1/21/24,4/24/24,TR,1:45 PM,3:14 PM,1,78,663,9,150,2.4,2.6,2.8,2.4,LJUNGQVIST,,,,,,,,,,,,,,
24,202510,FNCE6130002,Macroeconomics and the Global Economic Environment,LJUNGQVIST,S,1/21/24,4/24/24,TR,3:30 PM,4:59 PM,1,78,626,9,150,2.4,2.6,2.8,2.4,LJUNGQVIST,,,,,,,,,,,,,,
25,202510,FNCE6210001,Corporate Finance (Half CU),ZENG,3,1/21/24,3/3/24,TR,8:30 AM,9:59 AM,0.5,13,553,144,189,3,3.4,2.4,2.2,ZENG,,,,,,,,,,,,,,
26,202510,FNCE6210002,Corporate Finance (Half CU),ZENG,3,1/21/24,3/3/24,TR,10:15 AM,11:44 AM,0.5,13,964,177,189,3,3.4,2.4,2.2,ZENG,,,,,,,,,,,,,,
27,202510,FNCE6210003,Corporate Finance (Half CU),ZENG,3,1/21/24,3/3/24,TR,1:45 PM,3:14 PM,0.5,13,1018,-26,189,3,3.4,2.4,2.2,ZENG,,,,,,,,,,,,,,
28,202510,FNCE6210004,Corporate Finance (Half CU),ZENG,3,1/21/24,3/3/24,TR,3:30 PM,4:59 PM,0.5,13,893,-195,173,3,3.4,2.4,2.2,ZENG,,,,,,,,,,,,,,
29,202510,FNCE6230001,Macroeconomics and The Global Economic Environment (Half CU),LANDRY,3,1/21/24,3/3/24,MW,8:30 AM,9:59 AM,0.5,78,150,-2,44,2.1,2.6,2.8,2,LANDRY,2.33,2.85,2.74,1.96,,,,,,,,,,
30,202510,FNCE6230003,Macroeconomics and The Global Economic Environment (Half CU),LANDRY,3,1/21/24,3/3/24,MW,10:15 AM,11:44 AM,0.5,78,701,-34,20,2.1,2.6,2.8,2,LANDRY,2.33,2.85,2.74,1.96,,,,,,,,,,
31,202510,FNCE6230005,Macroeconomics and The Global Economic Environment (Half CU),LANDRY,3,1/21/24,3/3/24,MW,1:45 PM,3:14 PM,0.5,78,752,-18,190,2.1,2.6,2.8,2,LANDRY,2.33,2.85,2.74,1.96,,,,,,,,,,
32,202510,FNCE6230007,Macroeconomics and The Global Economic Environment (Half CU),LANDRY,3,1/21/24,3/3/24,MW,3:30 PM,4:59 PM,0.5,78,664,-13,213,2.1,2.6,2.8,2,LANDRY,2.33,2.85,2.74,1.96,,,,,,,,,,
33,202510,FNCE7070001,Valuation,HUBER,S,1/21/24,4/24/24,MW,1:45 PM,3:14 PM,1,78,2371,272,372,3,3.3,3.2,3.3,HUBER,2.42,2.71,3.25,3.48,,,,,,,,,,
34,202510,FNCE7070002,Valuation,HUBER,S,1/21/24,4/24/24,MW,3:30 PM,4:59 PM,1,78,2337,535,372,3,3.3,3.2,3.3,HUBER,2.42,2.71,3.25,3.48,,,,,,,,,,
35,202510,FNCE7170401,Financial Derivatives,CUOCO,S,1/21/24,4/24/24,TR,3:30 PM,4:59 PM,1,30,280,-66,297,2.8,2.9,3.4,3.1,CUOCO,2.52,2.7,3.12,2.33,,,,,,,,,,
36,202510,FNCE7190001,International Financial Markets and Cryptocurrencies,BOUALAM,S,1/21/24,4/24/24,TR,1:45 PM,3:14 PM,1,78,507,-20,24,2.5,2.7,2.9,2.5,BOUALAM,,,,,,,,,,,,,,
37,202510,FNCE7250001,Fixed Income Securities,DIECKMANN,S,1/21/24,4/24/24,MW,8:30 AM,9:59 AM,1,60,541,-80,155,2.5,2.8,3.5,2.9,DIECKMANN,2.98,3.43,3.38,2.89,,,,,,,,,,
38,202510,FNCE7310401,Global Valuation and Risk Analysis,LEWIS,S,1/21/24,4/24/24,MW,1:45 PM,3:14 PM,1,30,1639,-5,3,2.9,3.1,3,3.2,LEWIS,2.45,2.55,2.63,3.08,,,,,,,,,,
39,202510,FNCE7310402,Global Valuation and Risk Analysis,LEWIS,S,1/21/24,4/24/24,MW,3:30 PM,4:59 PM,1,30,1552,7,19,2.9,3.1,3,3.2,LEWIS,2.45,2.55,2.63,3.08,,,,,,,,,,
40,202510,FNCE7320401,International Banking,GOLDSTEIN / HARRIS,S,1/21/24,4/24/24,MW,1:45 PM,3:14 PM,1,39,764,1,97,2.9,3.1,2.7,2.6,GOLDSTEIN,,,,,HARRIS,,,,,,,,,
41,202510,FNCE7380001,Capital Markets,MUSTO,S,1/21/24,4/24/24,MW,10:15 AM,11:44 AM,1,60,9,-4,7,2.5,2.5,2.6,2.5,MUSTO,2.53,2.45,2.54,2.47,,,,,,,,,,
42,202510,FNCE7390001,Behavioral Finance,GUENZEL,S,1/21/24,4/24/24,MW,3:30 PM,4:59 PM,1,78,142,0,123,2.3,2.4,2.1,2.1,GUENZEL,2.02,2.49,1.97,2.1,,,,,,,,,,
43,202510,FNCE7500001,Venture Capital and the Finance of Innovation,ZANDBERG,S,1/21/24,4/24/24,TR,8:30 AM,9:59 AM,1,78,0,613,1145,3,3.2,2.8,2.6,ZANDBERG,2.81,3.05,3.01,3.02,,,,,,,,,,
44,202510,FNCE7500002,Venture Capital and the Finance of Innovation,ZANDBERG,S,1/21/24,4/24/24,TR,10:15 AM,11:44 AM,1,78,480,320,731,3,3.2,2.8,2.6,ZANDBERG,2.81,3.05,3.01,3.02,,,,,,,,,,
45,202510,FNCE7500003,Venture Capital and the Finance of Innovation,ZANDBERG,S,1/21/24,4/24/24,TR,1:45 PM,3:14 PM,1,78,713,320,731,3,3.2,2.8,2.6,ZANDBERG,2.81,3.05,3.01,3.02,,,,,,,,,,
46,202510,FNCE7540001,ESG and Impact Investing,GECZY,S,1/21/24,4/24/24,MW,1:45 PM,3:14 PM,1,77,14,4,171,2.3,2.7,2,2.1,GECZY,2.27,2.66,2.04,2.13,,,,,,,,,,
47,202510,FNCE7830001,Strategic Equity Finance,MUSTO,4,3/17/24,4/24/24,TR,1:45 PM,3:14 PM,0.5,60,0,-85,174,3,3,2.6,2.6,MUSTO,3.01,2.59,2.58,2.65,,,,,,,,,,
48,202510,FNCE8010001,Advanced Topics in Private Equity,BARD,S,1/21/24,4/24/24,T,5:15 PM,8:14 PM,1,78,3009,-55,99,2.9,3.1,2.6,2.5,BARD,2.9,3.15,2.54,2.46,,,,,,,,,,
49,202510,FNCE8160401,Economic and Regulatory Policy for Global Markets,CLAYTON,S,1/13/24,4/24/24,T,1:45 PM,3:30 PM,1,25,1800,2,26,,,,,CLAYTON,,,,,,,,,,,,,,
50,202510,HCMG8450001,US Payer and Provider Strategy,FLUEGEL / GUPTA,S,1/21/24,4/24/24,T,3:30 PM,6:29 PM,1,70,405,-25,52,2.7,2.8,2,2,GUPTA,2.75,2.64,1.88,1.96,FLUEGEL,2.62,2.79,1.95,2.01,,,,,
51,202510,HCMG8600001,Leading Health Care Organizations,NEMBHARD,S,1/21/24,4/24/24,MW,1:45 PM,3:14 PM,1,56,3,-7,10,3.2,3.5,2.4,2.6,NEMBHARD,3.2,3.51,2.36,2.59,,,,,,,,,,
52,202510,HCMG8630001,Management and Economics of Pharmaceutical and Biotech Industries,ALPERT,S,1/21/24,4/24/24,MW,10:15 AM,11:44 AM,1,62,149,108,325,2.9,2.9,2.1,2.2,ALPERT,3.09,2.98,2.02,2.08,,,,,,,,,,
53,202510,HCMG8660001,The Digital Transformation of Health Care,PATEL / ADUSUMALLI,S,1/21/24,4/24/24,R,3:30 PM,4:59 PM,0.5,62,0,0,25,2.3,2.8,1.6,1.7,PATEL,2.38,2.86,1.54,1.65,ADUSUMALLI,2.43,2.84,1.54,1.79,,,,,
54,202510,HCMG8680001,Private Sector Role in Global Health,SAMMUT,S,1/21/24,4/24/24,M,5:15 PM,6:44 PM,0.5,60,22,-2,37,2.6,2.9,1.6,1.9,SAMMUT,2.64,2.86,1.61,1.86,,,,,,,,,,
55,202510,LGST6110001,Responsibility in Global Management,CONTI-BROWN,3,1/21/24,3/3/24,R,3:30 PM,6:29 PM,0.5,55,1295,38,19,2.6,2.9,1.9,2,CONTI-BROWN,3.29,3.52,2.21,2.66,,,,,,,,,,
56,202510,LGST6110002,Responsibility in Global Management,CONTI-BROWN,4,3/17/24,4/24/24,R,3:30 PM,6:29 PM,0.5,55,1206,38,19,2.6,2.9,1.9,2,CONTI-BROWN,3.29,3.52,2.21,2.66,,,,,,,,,,
57,202510,LGST6120001,Responsibility in Business,SARACHAN,3,1/21/24,3/3/24,MW,8:30 AM,9:59 AM,0.5,55,26,0,50,2.6,3,1.8,2,SARACHAN,2.46,2.76,1.7,2.09,,,,,,,,,,
58,202510,LGST6120002,Responsibility in Business,SARACHAN,4,3/17/24,4/24/24,MW,8:30 AM,9:59 AM,0.5,55,160,0,50,2.6,3,1.8,2,SARACHAN,2.46,2.76,1.7,2.09,,,,,,,,,,
59,202510,LGST6120003,Responsibility in Business,SARACHAN,3,1/21/24,3/3/24,MW,10:15 AM,11:44 AM,0.5,55,285,-6,18,2.6,3,1.8,2,SARACHAN,2.46,2.76,1.7,2.09,,,,,,,,,,
60,202510,LGST6120004,Responsibility in Business,SARACHAN,4,3/17/24,4/24/24,MW,10:15 AM,11:44 AM,0.5,55,356,-6,18,2.6,3,1.8,2,SARACHAN,2.46,2.76,1.7,2.09,,,,,,,,,,
61,202510,LGST6120005,Responsibility in Business,SHELL,3,1/21/24,3/3/24,T,3:30 PM,6:29 PM,0.5,56,473,-17,104,2.6,3,1.8,2,SHELL,3.18,3.51,2.1,2.32,SARACHAN,2.46,2.76,1.7,2.09,,,,,
62,202510,LGST6130001,"Business, Social Responsibility, and the Environment",ORTS,3,1/21/24,3/3/24,TR,10:15 AM,11:44 AM,0.5,55,215,31,50,2.6,3,1.5,1.9,ORTS,2.49,2.9,1.41,1.81,,,,,,,,,,
63,202510,LGST6130002,"Business, Social Responsibility, and the Environment",ORTS,4,3/17/24,4/24/24,TR,10:15 AM,11:44 AM,0.5,55,164,31,50,2.6,3,1.5,1.9,ORTS,2.49,2.9,1.41,1.81,,,,,,,,,,
64,202510,LGST6130003,"Business, Social Responsibility, and the Environment",ORTS,3,1/21/24,3/3/24,TR,1:45 PM,3:14 PM,0.5,55,225,4,81,2.6,3,1.5,1.9,ORTS,2.49,2.9,1.41,1.81,,,,,,,,,,
65,202510,LGST6130004,"Business, Social Responsibility, and the Environment",ORTS,4,3/17/24,4/24/24,TR,1:45 PM,3:14 PM,0.5,55,199,4,81,2.6,3,1.5,1.9,ORTS,2.49,2.9,1.41,1.81,,,,,,,,,,
66,202510,LGST6420701,"Block Week: Big Data, Big Responsibilities",WERBACH,Modular,3/10/24,3/13/24,TBA,12:00 AM,12:00 AM,0.5,65,852,-13,116,2.7,3,1.6,2,WERBACH,2.74,3.01,1.67,2.11,,,,,,,,,,
67,202510,LGST6430001,"Other People's Money: The Law, Politics, and History of Financial Institutions",HARRIS,S,1/21/24,4/24/24,W,3:30 PM,6:29 PM,1,60,404,998,446,3.3,3.5,2.1,2.2,HARRIS,2.39,2.55,1.88,2.07,,,,,,,,,,
68,202510,LGST8050401,Antitrust and Big Tech,HOVENKAMP,S,1/15/24,4/30/24,MW,8:30 AM,9:59 AM,1,10,32,-11,19,2.9,3.3,2.5,2.6,HOVENKAMP,2.62,3.04,2.55,1.99,,,,,,,,,,
69,202510,LGST8060406,Negotiations,BHATIA,S,1/21/24,4/24/24,T,3:30 PM,6:29 PM,1,48,402,-28,49,3.1,3.1,1.9,2.1,BHATIA,3.26,3.34,2.04,2.28,,,,,,,,,,
70,202510,LGST8060407,Negotiations,MAX,S,1/21/24,4/24/24,MW,10:15 AM,11:44 AM,1,48,148,-46,26,3.1,3.1,1.9,2.1,MAX,3.07,3.08,1.76,2.17,,,,,,,,,,
71,202510,LGST8060409,Negotiations,MAX,S,1/21/24,4/24/24,MW,3:30 PM,4:59 PM,1,48,68,-84,26,3.1,3.1,1.9,2.1,MAX,3.07,3.08,1.76,2.17,,,,,,,,,,
72,202510,LGST8080401,Employment Law,CASTALDO,S,1/15/24,4/30/24,M,3:30 PM,6:29 PM,1,50,105,-17,13,3.3,3.3,1.8,2.1,CASTALDO,3.24,3.28,1.67,1.71,,,,,,,,,,
73,202510,LGST8090401,Sports Business Management,DIGISI,S,1/21/24,4/24/24,MW,1:45 PM,3:14 PM,1,78,1450,12,17,2.7,3,1.8,1.8,DIGISI,2.95,3.15,1.91,2,,,,,,,,,,
74,202510,LGST8130001,Legal and Transactional Aspects of Entrepreneurship,BORGHESE,S,1/21/24,4/24/24,M,3:30 PM,6:29 PM,1,78,4005,-984,261,3.3,3.5,2.7,2.4,BORGHESE,3.48,3.59,2.72,2.33,,,,,,,,,,
75,202510,MGMT6110001,Managing Established Enterprises,MACDUFFIE / PONGELUPPE / TRANCHERO,S,1/21/24,4/24/24,MW,8:30 AM,9:59 AM,1,78,162,4,80,2.7,3,2.3,2.6,MACDUFFIE,2.46,2.66,2.17,2.53,PONGELUPPE,2.85,3.34,2.06,2.55,TRANCHERO,,,,
76,202510,MGMT6110002,Managing Established Enterprises,MACDUFFIE / PONGELUPPE / TRANCHERO,S,1/21/24,4/24/24,MW,10:15 AM,11:44 AM,1,78,410,4,80,2.7,3,2.3,2.6,MACDUFFIE,2.46,2.66,2.17,2.53,PONGELUPPE,2.85,3.34,2.06,2.55,TRANCHERO,,,,
77,202510,MGMT6110003,Managing Established Enterprises,MACDUFFIE / PONGELUPPE / TRANCHERO,S,1/21/24,4/24/24,MW,1:45 PM,3:14 PM,1,78,639,4,80,2.7,3,2.3,2.6,MACDUFFIE,2.46,2.66,2.17,2.53,PONGELUPPE,2.85,3.34,2.06,2.55,TRANCHERO,,,,
78,202510,MGMT6120001,Management of Emerging Enterprises,CAMERON / LEE / HERNANDEZ,S,1/21/24,4/24/24,TR,8:30 AM,9:59 AM,1,78,630,-36,241,2.6,2.9,2.1,2.4,HERNANDEZ,2.86,3.31,2.17,2.41,CAMERON,2.52,2.83,1.92,2.21,LEE,2.59,2.74,2.02,2.53
79,202510,MGMT6120002,Management of Emerging Enterprises,CAMERON / LEE / HERNANDEZ,S,1/21/24,4/24/24,TR,10:15 AM,11:44 AM,1,78,1206,43,170,2.6,2.9,2.1,2.4,HERNANDEZ,2.86,3.31,2.17,2.41,CAMERON,2.52,2.83,1.92,2.21,LEE,2.59,2.74,2.02,2.53
80,202510,MGMT6120003,Management of Emerging Enterprises,CAMERON / LEE / HERNANDEZ,S,1/21/24,4/24/24,TR,1:45 PM,3:14 PM,1,78,1938,-225,170,2.6,2.9,2.1,2.4,HERNANDEZ,2.86,3.31,2.17,2.41,CAMERON,2.52,2.83,1.92,2.21,LEE,2.59,2.74,2.02,2.53
81,202510,MGMT6240001,Leading Diversity in Organizations,STEVENS,3,1/21/24,3/3/24,TR,1:45 PM,3:14 PM,0.5,72,389,-162,48,2.6,2.9,1.8,2.2,STEVENS,2.25,2.52,1.72,2.3,,,,,,,,,,
82,202510,MGMT6250001,"Corporate Governance, Executive Compensation and the Board",MCDONNELL,3,1/21/24,3/3/24,MW,12:00 PM,1:29 PM,0.5,78,701,-40,211,3,3.3,1.7,2,MCDONNELL,3.07,3.4,1.69,1.91,,,,,,,,,,
83,202510,MGMT6710001,Executive Leadership,PARKE,3,1/21/24,3/3/24,MW,10:15 AM,11:44 AM,0.5,72,799,-43,92,3.5,3.6,2.8,3.6,PARKE,,,,,,,,,,,,,,
84,202510,MGMT6910411,Negotiations,HERRMANN,S,1/21/24,4/24/24,TR,10:15 AM,11:44 AM,1,48,757,0,105,3.1,3.1,1.9,2,HERMANN,3.28,3.43,1.81,2.16,,,,,,,,,,
85,202510,MGMT6910412,Negotiations,HERRMANN,S,1/21/24,4/24/24,T,3:30 PM,6:29 PM,1,48,510,-7,105,3.1,3.1,1.9,2,HERMANN,3.28,3.43,1.81,2.16,,,,,,,,,,
86,202510,MGMT6910413,Negotiations,ARNETT,S,1/21/24,4/24/24,TR,12:00 PM,1:29 PM,1,48,544,1,93,3.1,3.1,1.9,2,ARNETT,3.07,3.02,1.76,1.92,,,,,,,,,,
87,202510,MGMT6910414,Negotiations,ARNETT,S,1/21/24,4/24/24,TR,1:45 PM,3:14 PM,1,48,1070,1,93,3.1,3.1,1.9,2,ARNETT,3.07,3.02,1.76,1.92,,,,,,,,,,
88,202510,MGMT7010001,Strategy and Competitive Advantage,CHRISTENSEN,3,1/21/24,3/3/24,MW,1:45 PM,3:14 PM,0.5,78,124,504,188,3.2,3.4,2.6,2.8,CHRISTENSEN,3.02,3.11,2.61,2.91,,,,,,,,,,
89,202510,MGMT7010002,Strategy and Competitive Advantage,CHRISTENSEN,4,3/17/24,4/24/24,MW,1:45 PM,3:14 PM,0.5,78,15,504,188,3.2,3.4,2.6,2.8,CHRISTENSEN,3.02,3.11,2.61,2.91,,,,,,,,,,
90,202510,MGMT7010003,Strategy and Competitive Advantage,CHRISTENSEN,3,1/21/24,3/3/24,MW,3:30 PM,4:59 PM,0.5,78,37,-23,54,3.2,3.4,2.6,2.8,CHRISTENSEN,3.02,3.11,2.61,2.91,,,,,,,,,,
91,202510,MGMT7010004,Strategy and Competitive Advantage,CHRISTENSEN,4,3/17/24,4/24/24,MW,3:30 PM,4:59 PM,0.5,78,0,-23,54,3.2,3.4,2.6,2.8,CHRISTENSEN,3.02,3.11,2.61,2.91,,,,,,,,,,
92,202510,MGMT7170401,Deals: The Economic Structure of Transactions,RAFF,S,1/21/24,4/24/24,MW,3:30 PM,4:59 PM,1,40,78,-8,19,2,1.8,2,2.1,RAFF,2.01,1.83,2.03,2.11,,,,,,,,,,
93,202510,MGMT7200001,Corporate Diplomacy,HENISZ,S,1/21/24,4/24/24,MW,1:45 PM,3:14 PM,1,60,540,-10,259,2.9,3.2,2.6,3,HENISZ,3.01,3.33,2.68,3.1,,,,,,,,,,
94,202510,MGMT7280002,Navigating Difficult Conversations in Business and Beyond,KLEIN,4,3/17/24,4/24/24,M,3:30 PM,6:29 PM,0.5,60,556,0,50,,,,,KLEIN,,,,,,,,,,,,,,
95,202510,MGMT7290401,Intellectual Property Strategy for the Innovation-Driven Enterprise,WEINER,3,1/21/24,3/3/24,TR,10:15 AM,11:44 AM,0.5,30,797,-38,65,2.6,2.9,2,2.1,WEINER,2.63,2.87,1.99,2.1,,,,,,,,,,
96,202510,MGMT7310001,Technology Strategy,KAPOOR,S,1/21/24,4/24/24,T,3:30 PM,6:29 PM,1,60,0,-7,35,2.7,2.9,2.1,2.3,KAPOOR,2.82,2.97,2.12,2.39,,,,,,,,,,
97,202510,MGMT7430001,Work and Technology: Choices and Outcomes,MACDUFFIE,3,1/21/24,3/3/24,TR,12:00 PM,1:29 PM,0.5,60,28,-13,18,2.8,3.2,1.8,2.3,MACDUFFIE,2.79,3.22,1.8,2.27,,,,,,,,,,
98,202510,MGMT7480001,How to Be the Boss,CAPPELLI,3,1/21/24,3/3/24,MW,1:45 PM,3:14 PM,0.5,78,1081,-19,138,2.2,2.5,1.6,2,CAPPELLI,2.21,2.46,1.6,1.98,,,,,,,,,,
99,202510,MGMT7820001,Strategic Implementation,GARTENBERG,S,1/21/24,4/24/24,TR,10:15 AM,11:44 AM,1,78,1175,3,106,2.5,2.8,2,2.2,GARTENBERG,3.17,3.49,2.18,2.37,,,,,,,,,,
100,202510,MGMT7820002,Strategic Implementation,GARTENBERG,S,1/21/24,4/24/24,TR,1:45 PM,3:14 PM,1,78,1306,3,106,2.5,2.8,2,2.2,GARTENBERG,3.17,3.49,2.18,2.37,,,,,,,,,,
101,202510,MGMT7860002,Reforming Mass Incarceration and the Role of Business,PHILLIPS,4,3/17/24,4/24/24,R,3:30 PM,6:29 PM,0.5,65,0,-106,138,3.1,2.8,1.4,2.3,PHILLIPS,3.08,2.78,1.44,2.25,,,,,,,,,,
102,202510,MGMT7900001,WORKS Immersion (Prison Education),PHILLIPS,S,1/21/24,4/24/24,T,3:30 PM,6:29 PM,1,72,0,0,50,,,,,PHILLIPS,,,,,,,,,,,,,,
103,202510,MGMT7940002,Understanding Careers and Executive Labor Markets,BIDWELL,4,3/17/24,4/24/24,TR,10:15 AM,11:44 AM,0.5,78,1039,-20,124,3.2,3.5,1.6,2.2,BIDWELL,3.15,3.49,1.63,2.17,,,,,,,,,,
104,202510,MGMT7940004,Understanding Careers and Executive Labor Markets,BIDWELL,4,3/17/24,4/24/24,TR,1:45 PM,3:14 PM,0.5,78,1161,-20,124,3.2,3.5,1.6,2.2,BIDWELL,3.15,3.49,1.63,2.17,,,,,,,,,,
105,202510,MGMT7940006,Understanding Careers and Executive Labor Markets,BIDWELL,4,3/17/24,4/24/24,TR,3:30 PM,4:59 PM,0.5,78,1079,-45,97,3.2,3.5,1.6,2.2,BIDWELL,3.15,3.49,1.63,2.17,,,,,,,,,,
106,202510,MGMT7990002,Block Week: Tech in the SF Bay Area,ROSENKOPF,Modular,3/10/24,3/13/24,TBA,12:00 AM,12:00 AM,0.5,65,1966,-632,1101,,,,,ROSENKOPF,,,,,,,,,,,,,,
107,202510,MGMT8010001,Entrepreneurship,KIM,3,1/21/24,3/3/24,TR,10:15 AM,11:44 AM,0.5,78,520,-40,521,2.8,3.1,1.9,2.3,KIM,3.07,3.41,1.89,2.26,,,,,,,,,,
108,202510,MGMT8010002,Entrepreneurship,PIEZUNKA,4,3/17/24,4/24/24,MW,1:45 PM,3:14 PM,0.5,78,348,-169,264,2.8,3.1,1.9,2.3,PIEZUNKA,3.63,3.83,1.81,2.27,,,,,,,,,,
109,202510,MGMT8010003,Entrepreneurship,KIM,3,1/21/24,3/3/24,TR,1:45 PM,3:14 PM,0.5,78,769,-188,521,2.8,3.1,1.9,2.3,KIM,3.07,3.41,1.89,2.26,,,,,,,,,,
110,202510,MGMT8040001,Venture Capital and Entrepreneurial Management,SAMMUT,3,1/21/24,3/3/24,MW,10:15 AM,11:44 AM,0.5,78,110,-55,88,2.7,2.5,2.6,2.9,SAMMUT,2.58,2.68,2.59,3.01,,,,,,,,,,
111,202510,MGMT8040002,Venture Capital and Entrepreneurial Management,SAMMUT,4,3/17/24,4/24/24,MW,10:15 AM,11:44 AM,0.5,78,80,-55,88,2.7,2.5,2.6,2.9,SAMMUT,2.58,2.68,2.59,3.01,,,,,,,,,,
112,202510,MGMT8090001,Private Equity in Emerging Markets,TROPPER,3,1/21/24,3/3/24,MW,1:45 PM,3:14 PM,0.5,75,318,34,103,2.7,2.9,2.1,2.5,TROPPER,2.69,2.84,2.02,2.5,,,,,,,,,,
113,202510,MGMT8110001,Entrepreneurship Through Acquisition,CHALFIN,3,1/21/24,3/3/24,MW,3:30 PM,4:59 PM,0.5,78,34,-27,15,2.6,2.8,2,2.1,CHALFIN,2.57,2.83,2.02,2.12,,,,,,,,,,
114,202510,MGMT8110002,Entrepreneurship Through Acquisition,CHALFIN,4,3/17/24,4/24/24,MW,3:30 PM,4:59 PM,0.5,78,0,-27,15,2.6,2.8,2,2.1,CHALFIN,2.57,2.83,2.02,2.12,,,,,,,,,,
115,202510,MGMT8120402,Social Entrepreneurship,ASSENOVA,4,3/17/24,4/24/24,TR,3:30 PM,4:59 PM,0.5,25,362,144,58,2.1,2.4,1.7,2.1,ASSENOVA,2.08,2.35,1.65,2.11,,,,,,,,,,
116,202510,MGMT8140002,Search Fund Entrepreneurship,VESTERMAN / ZREIK,4,3/17/24,4/24/24,TR,12:00 PM,1:29 PM,0.5,78,2279,52,315,3.6,3.7,2.3,2.7,ZREIK,3.62,3.65,2.28,2.67,VESTERMAN,3.62,3.69,2.28,2.67,,,,,
117,202510,MGMT8170001,Global Growth of Emerging Firms,CARLSON,S,1/21/24,4/24/24,TR,1:45 PM,3:14 PM,1,78,192,-62,79,2.8,3.3,1.6,1.9,CARLSON,2.82,3.34,1.58,1.86,,,,,,,,,,
118,202510,MGMT8310402,Entrepreneurship Launchpad,PIEZUNKA,4,3/17/24,4/24/24,MW,10:15 AM,11:44 AM,0.5,48,343,-5,2,2.9,3.4,2.3,3.1,PIEZUNKA,,,,,,,,,,,,,,
119,202510,MGMT8330401,Strategies and Practices of Family-controlled Companies,ALEXANDER,3,1/21/24,3/3/24,TR,12:00 PM,1:29 PM,0.5,57,286,39,49,3,3.2,1.9,2.3,ALEXANDER,3,3.2,1.88,2.28,,,,,,,,,,
120,202510,MGMT8330402,Strategies and Practices of Family-controlled Companies,ALEXANDER,4,3/17/24,4/24/24,TR,12:00 PM,1:29 PM,0.5,48,223,39,49,3,3.2,1.9,2.3,ALEXANDER,3,3.2,1.88,2.28,,,,,,,,,,
121,202510,MGMT8880001,Venture Acceleration Lab,HSU,S,1/21/24,4/24/24,W,3:30 PM,6:29 PM,1,40,439,-7,318,2.4,2.8,1.6,2.1,HSU,2.44,2.78,1.58,2.08,,,,,,,,,,
122,202510,MKTG6120001,Dynamic Marketing Strategy,BRADLOW,3,1/21/24,3/3/24,MW,8:30 AM,9:59 AM,0.5,75,896,-86,131,2.8,3.1,2.3,2.3,BRADLOW,3.23,3.61,2.51,2.48,,,,,,,,,,
123,202510,MKTG6120003,Dynamic Marketing Strategy,BRADLOW,3,1/21/24,3/3/24,MW,10:15 AM,11:44 AM,0.5,75,1500,20,82,2.8,3.1,2.3,2.3,BRADLOW,3.23,3.61,2.51,2.48,,,,,,,,,,
124,202510,MKTG6120005,Dynamic Marketing Strategy,BRADLOW,3,1/21/24,3/3/24,TR,8:30 AM,9:59 AM,0.5,75,750,-86,131,2.8,3.1,2.3,2.3,BRADLOW,3.23,3.61,2.51,2.48,,,,,,,,,,
125,202510,MKTG6120007,Dynamic Marketing Strategy,BRADLOW,3,1/21/24,3/3/24,TR,10:15 AM,11:44 AM,0.5,75,1358,20,82,2.8,3.1,2.3,2.3,BRADLOW,3.23,3.61,2.51,2.48,,,,,,,,,,
126,202510,MKTG6130001,Strategic Marketing Simulation,MEYER,Modular,1/21/24,3/3/24,FS,12:00 AM,12:00 AM,0.5,72,0,-11,54,3,3.2,2.5,2.7,MEYER,2.75,2.96,2.32,2.65,,,,,,,,,,
127,202510,MKTG6130002,Strategic Marketing Simulation,MEYER,Modular,3/17/24,4/24/24,FS,12:00 AM,12:00 AM,0.5,72,0,-11,54,3,3.2,2.5,2.7,MEYER,2.75,2.96,2.32,2.65,,,,,,,,,,
128,202510,MKTG6130003,Strategic Marketing Simulation,MEYER,Modular,1/21/24,3/3/24,FS,12:00 AM,12:00 AM,0.5,72,0,-11,54,3,3.2,2.5,2.7,MEYER,2.75,2.96,2.32,2.65,,,,,,,,,,
129,202510,MKTG6130004,Strategic Marketing Simulation,MEYER,Modular,3/17/24,4/24/24,FS,12:00 AM,12:00 AM,0.5,72,0,-11,54,3,3.2,2.5,2.7,MEYER,2.75,2.96,2.32,2.65,,,,,,,,,,
130,202510,MKTG7120401,Data and Analysis for Marketing Decisions,DEW,S,1/21/24,4/24/24,MW,1:45 PM,3:14 PM,1,30,63,-2,23,2.7,2.8,2.4,2.3,DEW,3.45,3.69,2.21,2.43,,,,,,,,,,
131,202510,MKTG7120402,Data and Analysis for Marketing Decisions,DEW,S,1/21/24,4/24/24,MW,3:30 PM,4:59 PM,1,30,16,-18,23,2.7,2.8,2.4,2.3,DEW,3.45,3.69,2.21,2.43,,,,,,,,,,
132,202510,MKTG7270001,Digital Marketing and Electronic Commerce,BERMAN,3,1/21/24,3/3/24,TR,10:15 AM,11:44 AM,0.5,75,0,-100,104,2.9,3.3,1.9,2,BERMAN,3,3.22,1.96,2.05,,,,,,,,,,
133,202510,MKTG7270003,Digital Marketing and Electronic Commerce,BERMAN,3,1/21/24,3/3/24,TR,12:00 PM,1:29 PM,0.5,75,0,-25,131,2.9,3.3,1.9,2,BERMAN,3,3.22,1.96,2.05,,,,,,,,,,
134,202510,MKTG7390401,Visual Marketing,JOHNSON / KAHN,S,1/21/24,4/24/24,MW,10:15 AM,11:44 AM,1,38,385,-138,356,2.8,3.1,1.7,1.8,KAHN,2.82,3.12,1.71,1.8,JOHNSON,2.82,3,1.71,1.8,,,,,
135,202510,MKTG7470002,Marketing Strategy for Technology Platforms,YILDIRIM,4,3/17/24,4/24/24,MW,10:15 AM,11:44 AM,0.5,77,0,-6,90,2.7,2.9,1.5,1.9,YILDIRIM,2.68,2.89,1.49,1.86,,,,,,,,,,
136,202510,MKTG7470004,Marketing Strategy for Technology Platforms,YILDIRIM,4,3/17/24,4/24/24,MW,12:00 PM,1:29 PM,0.5,77,0,-7,14,2.7,2.9,1.5,1.9,YILDIRIM,2.68,2.89,1.49,1.86,,,,,,,,,,
137,202510,MKTG7470006,Marketing Strategy for Technology Platforms,YILDIRIM,4,3/17/24,4/24/24,MW,1:45 PM,3:14 PM,0.5,77,28,74,135,2.7,2.9,1.5,1.9,YILDIRIM,2.68,2.89,1.49,1.86,,,,,,,,,,
138,202510,MKTG7520402,Marketing Analytics,EISENSTEIN,4,3/17/24,4/24/24,MW,1:45 PM,3:14 PM,0.5,45,112,0,50,2.3,2.7,2.9,2.6,EISENSTEIN,2.33,2.67,2.88,2.63,,,,,,,,,,
139,202510,MKTG7540002,Pricing Policy,ZHANG,4,3/17/24,4/24/24,TR,10:15 AM,11:44 AM,0.5,78,85,-33,50,2.9,3.1,2.4,2.5,ZHANG,2.6,2.86,1.88,1.91,,,,,,,,,,
140,202510,MKTG7540004,Pricing Policy,RAJU,4,3/17/24,4/24/24,MW,12:00 PM,1:29 PM,0.5,77,0,1,50,2.9,3.1,2.4,2.5,RAJU,3.36,3.53,2.89,3.22,,,,,,,,,,
141,202510,MKTG7540402,Pricing Policy,ZHANG,4,3/17/24,4/24/24,TR,8:30 AM,9:59 AM,0.5,40,0,0,25,2.9,3.1,2.4,2.5,ZHANG,2.6,2.86,1.88,1.91,,,,,,,,,,
142,202510,MKTG7680402,Contagious: How Things Catch On,BERGER,4,3/17/24,4/24/24,MW,10:15 AM,11:44 AM,0.5,56,631,0,50,2.5,2.5,2.2,2.2,BERGER,3.05,3.2,1.75,2,,,,,,,,,,
143,202510,MKTG7680404,Contagious: How Things Catch On,BERGER,4,3/17/24,4/24/24,MW,12:00 PM,1:29 PM,0.5,56,436,0,50,2.5,2.5,2.2,2.2,BERGER,3.05,3.2,1.75,2,,,,,,,,,,
144,202510,MKTG7760401,Applied Probability Models in Marketing,FADER,S,1/15/24,4/30/24,M,3:30 PM,6:29 PM,1,36,558,65,298,3.5,3.7,3.8,3.7,FADER,3.54,3.74,3.82,3.72,,,,,,,,,,
145,202510,MKTG7760402,Applied Probability Models in Marketing,FADER,S,1/15/24,4/30/24,T,3:30 PM,6:29 PM,1,36,501,65,298,3.5,3.7,3.8,3.7,FADER,3.54,3.74,3.82,3.72,,,,,,,,,,
146,202510,MKTG7760403,Applied Probability Models in Marketing,FADER,S,1/15/24,4/30/24,W,3:30 PM,6:29 PM,1,36,567,65,298,3.5,3.7,3.8,3.7,FADER,3.54,3.74,3.82,3.72,,,,,,,,,,
147,202510,MKTG7780001,Strategic Brand Management,WILLIAMS,S,1/21/24,4/24/24,TR,3:30 PM,4:59 PM,1,77,1945,52,93,2.9,3.2,1.9,2.3,WILLIAMS,3.27,3.55,1.94,2.32,,,,,,,,,,
148,202510,MKTG7790001,AI in Our Lives: The Behavioral Science of Autonomous Technology,PUNTONI,3,1/21/24,3/3/24,MW,10:15 AM,11:44 AM,0.5,76,104,0,50,3.3,3.7,1.5,1.6,PUNTONI,3.25,3.69,1.46,1.64,,,,,,,,,,
149,202510,MKTG7790003,AI in Our Lives: The Behavioral Science of Autonomous Technology,PUNTONI,3,1/21/24,3/3/24,MW,12:00 PM,1:29 PM,0.5,76,0,0,50,3.3,3.7,1.5,1.6,PUNTONI,3.25,3.69,1.46,1.64,,,,,,,,,,
150,202510,MKTG8060401,Retail Merchandising (Center Special Topic),ESHELMAN,3,1/21/24,3/3/24,M,3:30 PM,6:29 PM,0.5,52,609,-46,107,2.5,2.8,1.8,1.9,ESHELMAN,2.74,2.99,1.88,1.91,,,,,,,,,,
151,202510,MKTG8090401,Experiments for Business Decision Making (Center Special Topic),CAMPBELL,S,1/21/24,4/24/24,TR,1:45 PM,3:14 PM,1,40,29,0,50,2.4,2.2,2.5,2.5,CAMPBELL,,,,,,,,,,,,,,
152,202510,MKTG8530001,Block Week: Advertising Management,WILSON,Modular,3/10/24,3/13/24,TBA,12:00 AM,12:00 AM,0.5,50,104,-26,333,2.4,2.7,1.6,2.4,WILSON,3.21,3.47,1.69,2.16,,,,,,,,,,
153,202510,OIDD5150401,Product Design,MARCOVITZ / ULRICH,S,1/15/24,4/30/24,M,12:00 PM,2:59 PM,1,54,4059,177,378,2.8,3,1.8,2.5,MARCOVITZ,2.78,2.78,1.71,2.47,ULRICH,2.8,2.86,1.73,2.43,,,,,
154,202510,OIDD5150402,Product Design,MARCOVITZ / ULRICH,S,1/15/24,4/30/24,W,12:00 PM,2:59 PM,1,54,4045,177,378,2.8,3,1.8,2.5,MARCOVITZ,2.78,2.78,1.71,2.47,ULRICH,2.8,2.86,1.73,2.43,,,,,
155,202510,OIDD5150403,Product Design,MARCOVITZ / ULRICH,S,1/15/24,4/30/24,R,12:00 PM,2:59 PM,1,54,3978,177,378,2.8,3,1.8,2.5,MARCOVITZ,2.78,2.78,1.71,2.47,ULRICH,2.8,2.86,1.73,2.43,,,,,
156,202510,OIDD6120002,Business Analytics,SAVIN,4,3/17/24,4/24/24,MW,10:15 AM,11:44 AM,0.5,78,86,8,41,2.7,2.9,2.7,2.6,SAVIN,2.74,3.14,2.38,2.37,,,,,,,,,,
157,202510,OIDD6120004,Business Analytics,SAVIN,4,3/17/24,4/24/24,MW,1:45 PM,3:14 PM,0.5,78,116,8,41,2.7,2.9,2.7,2.6,SAVIN,2.74,3.14,2.38,2.37,,,,,,,,,,
158,202510,OIDD6130002,Online Business Models and the Information-Based Firm,ROCK,4,3/17/24,4/24/24,TR,10:15 AM,11:44 AM,0.5,78,801,-184,260,2,2.3,2,2,ROCK,2.55,2.79,2.27,2.57,,,,,,,,,,
159,202510,OIDD6130004,Online Business Models and the Information-Based Firm,ROCK,4,3/17/24,4/24/24,TR,1:45 PM,3:14 PM,0.5,78,737,-184,260,2,2.3,2,2,ROCK,2.55,2.79,2.27,2.57,,,,,,,,,,
160,202510,OIDD6150001,Operations Strategy,VEERARAGHAVAN,3,1/21/24,3/3/24,MW,8:30 AM,9:59 AM,0.5,78,0,-40,50,3,3.3,2.7,2.5,VEERAGHAVAN,2.99,3.3,2.62,2.48,,,,,,,,,,
161,202510,OIDD6150002,Operations Strategy,MOON,4,3/17/24,4/24/24,MW,10:15 AM,11:44 AM,0.5,78,249,1,76,3,3.3,2.7,2.5,MOON,2.13,2.4,2.69,2.48,,,,,,,,,,
162,202510,OIDD6150003,Operations Strategy,VEERARAGHAVAN,3,1/21/24,3/3/24,MW,10:15 AM,11:44 AM,0.5,78,362,3,49,3,3.3,2.7,2.5,VEERAGHAVAN,2.99,3.3,2.62,2.48,,,,,,,,,,
163,202510,OIDD6150004,Operations Strategy,MOON,4,3/17/24,4/24/24,MW,1:45 PM,3:14 PM,0.5,78,359,-57,81,3,3.3,2.7,2.5,MOON,2.13,2.4,2.69,2.48,,,,,,,,,,
164,202510,OIDD6150005,Operations Strategy,VEERARAGHAVAN,3,1/21/24,3/3/24,TR,8:30 AM,9:59 AM,0.5,78,0,-40,50,3,3.3,2.7,2.5,VEERAGHAVAN,2.99,3.3,2.62,2.48,,,,,,,,,,
165,202510,OIDD6150006,Operations Strategy,MOON,4,3/17/24,4/24/24,TR,10:15 AM,11:44 AM,0.5,78,348,1,76,3,3.3,2.7,2.5,MOON,2.13,2.4,2.69,2.48,,,,,,,,,,
166,202510,OIDD6150007,Operations Strategy,VEERARAGHAVAN,3,1/21/24,3/3/24,TR,10:15 AM,11:44 AM,0.5,78,366,3,49,3,3.3,2.7,2.5,VEERAGHAVAN,2.99,3.3,2.62,2.48,,,,,,,,,,
167,202510,OIDD6150008,Operations Strategy,MOON,4,3/17/24,4/24/24,TR,1:45 PM,3:14 PM,0.5,78,502,-57,81,3,3.3,2.7,2.5,MOON,2.13,2.4,2.69,2.48,,,,,,,,,,
168,202510,OIDD6360001,Scaling Operations: Linking Strategy and Execution,ALLON,S,1/21/24,4/24/24,T,3:30 PM,6:29 PM,1,78,4292,60,91,3.5,3.7,2.7,2.8,ALLON,3.53,3.72,2.73,2.83,,,,,,,,,,
169,202510,OIDD6360002,Scaling Operations: Linking Strategy and Execution,ALLON,S,1/21/24,4/24/24,W,3:30 PM,6:29 PM,1,78,4437,60,91,3.5,3.7,2.7,2.8,ALLON,3.53,3.72,2.73,2.83,,,,,,,,,,
170,202510,OIDD6420002,Analytics for Services,GANS,4,3/17/24,4/24/24,TR,10:15 AM,11:44 AM,0.5,60,17,-3,42,2.5,2.8,2.5,2.5,GANS,2.53,2.77,2.47,2.54,,,,,,,,,,
171,202510,OIDD6540002,Product Management,ULRICH,4,3/17/24,4/24/24,MW,1:45 PM,3:14 PM,0.5,78,2029,-80,311,2.7,3,1.9,2.5,ULRICH,2.71,2.99,1.9,2.5,,,,,,,,,,
172,202510,OIDD6540004,Product Management,ULRICH,4,3/17/24,4/24/24,MW,3:30 PM,4:59 PM,0.5,78,1860,-10,203,2.7,3,1.9,2.5,ULRICH,2.71,2.99,1.9,2.5,,,,,,,,,,
173,202510,OIDD6670001,"Block Week: AI, Business, and Society",HOSANAGAR,Modular,3/10/24,3/13/24,TBA,12:00 AM,12:00 AM,0.5,52,487,-96,50,3,3.3,1.8,1.7,HOSANGAR,3.03,3.28,1.77,1.73,,,,,,,,,,
174,202510,OIDD6670003,"AI, Business, and Society",MEURSAULT,3,1/21/24,3/3/24,MW,8:30 AM,9:59 AM,0.5,52,283,-96,50,3,3.3,1.8,1.7,MEURSAULT,,,,,,,,,,,,,,
175,202510,OIDD6730002,Global Supply Chain Management,GALLINO,4,3/17/24,4/23/24,MW,8:30 AM,9:59 AM,0.5,78,0,-0,40,2.7,2.7,1.9,2.2,GALLINO,2.96,3.09,1.9,2.34,,,,,,,,,,
176,202510,OIDD6730004,Global Supply Chain Management,GALLINO,4,3/17/24,4/24/24,MW,10:15 AM,11:44 AM,0.5,78,30,-28,40,2.7,2.7,1.9,2.2,GALLINO,2.96,3.09,1.9,2.34,,,,,,,,,,
177,202510,OIDD6900401,Managerial Decision Making,MILKMAN,S,1/21/24,4/24/24,TR,10:15 AM,11:44 AM,1,78,3785,189,244,3.1,3.3,1.9,2.1,MILKMAN,3.04,3.24,2,2.26,,,,,,,,,,
178,202510,OIDD6900402,Managerial Decision Making,MILKMAN,S,1/21/24,4/24/24,TR,12:00 PM,1:29 PM,1,78,4035,-13,182,3.1,3.3,1.9,2.1,MILKMAN,3.04,3.24,2,2.26,,,,,,,,,,
179,202510,OIDD6900403,Managerial Decision Making,SIMMONS,S,1/21/24,4/24/24,MW,10:15 AM,11:44 AM,1,78,4500,-31,149,3.1,3.3,1.9,2.1,SIMMONS,3.36,3.59,1.77,2.03,,,,,,,,,,
180,202510,OIDD6900404,Managerial Decision Making,SIMMONS,S,1/21/24,4/24/24,MW,8:30 AM,9:59 AM,1,78,4300,-31,149,3.1,3.3,1.9,2.1,SIMMONS,3.36,3.59,1.77,2.03,,,,,,,,,,
181,202510,OIDD6910401,Negotiations,ZAK,S,1/21/24,4/24/24,MW,8:30 AM,9:59 AM,1,48,2098,-27,190,3.2,3.2,1.9,2.2,ZAK,,,,,,,,,,,,,,
182,202510,OIDD6910402,Negotiations,ZAK,S,1/15/24,4/30/24,MW,12:00 PM,1:29 PM,1,48,2347,-27,190,3.2,3.2,1.9,2.2,ZAK,,,,,,,,,,,,,,
183,202510,OIDD6910403,Negotiations,ZAK,S,1/15/24,4/30/24,MW,3:30 PM,4:59 PM,1,48,2289,-27,190,3.2,3.2,1.9,2.2,ZAK,,,,,,,,,,,,,,
184,202510,OIDD6930402,Influence,MASSEY,4,3/17/24,4/24/24,MW,8:30 AM,9:59 AM,0.5,78,2463,-36,134,3.4,3.5,2,2.6,MASSEY,3.37,3.54,2.02,3.27,,,,,,,,,,
185,202510,OIDD6930404,Influence,MASSEY,4,3/17/24,4/24/24,MW,10:15 AM,11:44 AM,0.5,78,2681,-5,175,3.4,3.5,2,2.6,MASSEY,3.37,3.54,2.02,3.27,,,,,,,,,,
186,202510,OIDD6930406,Influence,MASSEY,4,3/17/24,4/24/24,MW,1:45 PM,3:14 PM,0.5,78,2742,-5,6,3.4,3.5,2,2.6,MASSEY,3.37,3.54,2.02,3.27,,,,,,,,,,
187,202510,OIDD6930701,Block Week: Influence,MASSEY,Modular,3/10/24,3/13/24,TBA,12:00 AM,12:00 AM,0.5,65,3618,-5,175,3.4,3.5,2,2.6,MASSEY,3.37,3.54,2.02,3.27,,,,,,,,,,
188,202510,OIDD7050001,Leading With Grit: How to Inspire with Passion and Perseverance for Long-Term Goals,DUCKWORTH,3,1/21/24,3/3/24,T,3:30 PM,6:29 PM,0.5,78,3403,5,69,2.8,3.3,0.8,1.2,DUCKWORTH,2.75,3.32,0.79,1.24,,,,,,,,,,
189,202510,OIDD7050002,Leading With Grit: How to Inspire with Passion and Perseverance for Long-Term Goals,DUCKWORTH,4,3/17/24,4/24/24,T,3:30 PM,6:29 PM,0.5,78,3506,5,69,2.8,3.3,0.8,1.2,DUCKWORTH,2.75,3.32,0.79,1.24,,,,,,,,,,
190,202510,OIDD7610401,Risk Analysis and Environmental Management,PANFIL,S,1/15/24,4/30/24,R,3:30 PM,6:29 PM,1,60,1644,8,40,2.4,2.6,1.9,2.1,PANFIL,2.15,2.38,2.04,1.9,,,,,,,,,,
191,202510,REAL7080401,Housing Markets,GYOURKO,S,1/21/24,4/24/24,TR,10:15 AM,11:44 AM,1,45,33,9,56,3.2,3.4,3,2.4,GYOURKO,3.21,3.44,3.04,2.44,,,,,,,,,,
192,202510,REAL7080402,Housing Markets,GYOURKO,S,1/21/24,4/24/24,TR,12:00 PM,1:29 PM,1,48,36,32,58,3.2,3.4,3,2.4,GYOURKO,3.21,3.44,3.04,2.44,,,,,,,,,,
193,202510,REAL7210403,Real Estate Investment: Analysis and Financing,KEYS,S,1/21/24,4/24/24,TR,10:15 AM,11:44 AM,1,100,734,0,138,2.8,3,2.9,2.9,KEYS,3.14,3.34,2.94,2.91,,,,,,,,,,
194,202510,REAL7240401,Urban Real Estate Economics,WACHTER,S,1/21/24,4/24/24,MW,12:00 PM,1:29 PM,1,20,0,-33,67,2.4,2.5,2.4,2.2,WACHTER,2.49,2.58,2.39,2.3,,,,,,,,,,
195,202510,REAL8040401,Real Estate Law,LEBOR,S,1/21/24,4/24/24,TR,5:15 PM,6:44 PM,1,43,129,-45,88,2.4,2.5,2.4,2.2,LEBOR,2.84,3,1.65,1.39,,,,,,,,,,
196,202510,REAL8210401,Real Estate Development,NAKAHARA,S,1/21/24,4/24/24,W,3:30 PM,6:29 PM,1,43,228,38,167,3.4,3.5,3.4,3.6,NAKAHARA,3.64,3.79,3.83,3.92,,,,,,,,,,
197,202510,REAL8360401,International Housing Comparisons,WACHTER,S,1/21/24,4/24/24,MW,1:45 PM,3:14 PM,1,15,0,0,50,2.4,2.7,2.6,2.5,WACHTER,2.36,2.66,2.63,2.47,,,,,,,,,,
198,202510,REAL8400401,Advanced Real Estate Investment and Analysis,SINAI,S,1/21/24,4/24/24,M,3:30 PM,6:29 PM,1,35,39,-17,25,3.1,3.3,3.6,3.5,SINAI,3.04,3.15,3.61,3.53,,,,,,,,,,
199,202510,REAL8700001,Real Estate Data Analytics,KEYS,3,1/21/24,3/3/24,TR,3:30 PM,4:59 PM,0.5,78,436,0,50,,,,,KEYS,,,,,,,,,,,,,,
200,202510,STAT7010001,Modern Data Mining,ISHIHARA,S,1/21/24,4/24/24,MW,7:00 PM,8:29 PM,1,80,373,52,157,2.9,2.9,2.8,3,ISHIHARA,,,,,,,,,,,,,,
201,202510,STAT7050401,Statistical Computing with R,ISHIHARA,3,1/15/24,3/5/24,TR,5:15 PM,6:44 PM,0.5,10,124,-10,57,2.7,2.8,2.8,3,ISHIHARA,,,,,,,,,,,,,,
202,202510,STAT7050402,Statistical Computing with R,ISHIHARA,4,3/17/24,4/30/24,TR,5:15 PM,6:44 PM,0.5,10,201,-10,57,2.7,2.8,2.8,3,ISHIHARA,,,,,,,,,,,,,,
203,202510,STAT7100002,Data Collection and Acquisition: Strategies and Platforms,WATERMAN,4,3/17/24,4/24/24,TR,10:15 AM,11:44 AM,0.5,50,0,-50,41,3,3.4,2,2.1,WATERMAN,3.04,3.43,2.02,2.09,,,,,,,,,,
204,202510,STAT7110401,Forecasting Methods for Management,WANG,S,1/15/24,4/30/24,MW,3:30 PM,4:59 PM,1,20,0,-20,123,2.4,2.6,2.6,2.5,WANG,,,,,,,,,,,,,,
205,202510,STAT7220001,Predictive Analytics for Business,STINE,3,1/21/24,3/3/24,MW,1:45 PM,3:14 PM,0.5,60,176,0,30,2.9,3.1,2.7,2.6,STINE,3.71,3.86,2.94,2.94,,,,,,,,,,
206,202510,STAT7730401,Data Science Using ChatGPT,PADMANABHAN,S,1/15/24,4/30/24,TR,5:15 PM,6:44 PM,1,18,0,0,25,,,,,PADMANABHAN,,,,,,,,,,,,,,
207,202510,STAT7770401,Introduction to Python for Data Science,KNOX,3,1/21/24,3/3/24,MW,1:45 PM,3:14 PM,0.5,80,380,306,474,2.7,3,2.6,2.7,KNOX,1.58,1.88,3.53,3.57,,,,,,,,,,
208,202510,STAT7770403,Introduction to Python for Data Science,KNOX,3,1/21/24,3/3/24,MW,3:30 PM,4:59 PM,0.5,80,231,306,474,2.7,3,2.6,2.7,KNOX,1.58,1.88,3.53,3.57,,,,,,,,,,
209,202510,WHCP6160001,Management Communication,GUIHER,S,1/21/24,4/24/24,M,8:30 AM,9:59 AM,0.5,18,0,0,121,2.8,3.2,2.1,2.2,GUIHER,,,,,,,,,,,,,,
210,202510,WHCP6160002,Management Communication,CLEGHORN,S,1/21/24,4/24/24,M,10:15 AM,11:44 AM,0.5,18,704,-236,282,2.8,3.2,2.1,2.2,CLEGHORN,,,,,,,,,,,,,,
211,202510,WHCP6160003,Management Communication,CLEGHORN,S,1/21/24,4/24/24,M,12:00 PM,1:29 PM,0.5,18,828,162,282,2.8,3.2,2.1,2.2,CLEGHORN,,,,,,,,,,,,,,
212,202510,WHCP6160004,Management Communication,HAYES,S,1/21/24,4/24/24,M,1:45 PM,3:14 PM,0.5,18,549,18,121,2.8,3.2,2.1,2.2,HAYES,,,,,,,,,,,,,,
213,202510,WHCP6160005,Management Communication,MAIA,S,1/21/24,4/24/24,M,3:30 PM,4:59 PM,0.5,18,46,-21,121,2.8,3.2,2.1,2.2,MAIA,,,,,,,,,,,,,,
214,202510,WHCP6160006,Management Communication,SHELDON,S,1/21/24,4/24/24,T,8:30 AM,9:59 AM,0.5,18,56,0,121,2.8,3.2,2.1,2.2,SHELDON,,,,,,,,,,,,,,
215,202510,WHCP6160007,Management Communication,WATSON,S,1/21/24,4/24/24,T,10:15 AM,11:44 AM,0.5,18,1749,55,121,2.8,3.2,2.1,2.2,WATSON,,,,,,,,,,,,,,
216,202510,WHCP6160008,Management Communication,MILLER,S,1/21/24,4/24/24,T,12:00 PM,1:29 PM,0.5,18,1664,-25,121,2.8,3.2,2.1,2.2,MILLER,,,,,,,,,,,,,,
217,202510,WHCP6160009,Management Communication,SENIOR,S,1/21/24,4/24/24,T,1:45 PM,3:14 PM,0.5,18,1052,-3,343,2.8,3.2,2.1,2.2,SENIOR,,,,,,,,,,,,,,
218,202510,WHCP6160010,Management Communication,SENIOR,S,1/21/24,4/24/24,T,3:30 PM,4:59 PM,0.5,18,852,-489,343,2.8,3.2,2.1,2.2,SENIOR,,,,,,,,,,,,,,
219,202510,WHCP6160011,Management Communication,DOLLARTON,S,1/21/24,4/24/24,W,8:30 AM,9:59 AM,0.5,18,246,10,121,2.8,3.2,2.1,2.2,DOLLARTON,,,,,,,,,,,,,,
220,202510,WHCP6160012,Management Communication,MC CANN,S,1/21/24,4/24/24,W,10:15 AM,11:44 AM,0.5,18,157,47,121,2.8,3.2,2.1,2.2,MC CANN,,,,,,,,,,,,,,
221,202510,WHCP6160013,Management Communication,MOURAD,S,1/21/24,4/24/24,W,12:00 PM,1:29 PM,0.5,18,1278,-30,121,2.8,3.2,2.1,2.2,MOURAD,,,,,,,,,,,,,,
222,202510,WHCP6160014,Management Communication,FITZGERALD,S,1/21/24,4/24/24,W,1:45 PM,3:14 PM,0.5,18,183,-12,121,2.8,3.2,2.1,2.2,FITZGERALD,,,,,,,,,,,,,,
223,202510,WHCP6160015,Management Communication,PERRY,S,1/21/24,4/24/24,W,3:30 PM,4:59 PM,0.5,18,330,-8,121,2.8,3.2,2.1,2.2,PERRY,,,,,,,,,,,,,,
224,202510,WHCP6160016,Management Communication,EVANS,S,1/21/24,4/24/24,R,8:30 AM,9:59 AM,0.5,18,0,0,121,2.8,3.2,2.1,2.2,EVANS,,,,,,,,,,,,,,
225,202510,WHCP6160017,Management Communication,O'DONOVAN,S,1/21/24,4/24/24,R,10:15 AM,11:44 AM,0.5,18,439,51,121,2.8,3.2,2.1,2.2,O'DONOVAN,,,,,,,,,,,,,,
226,202510,WHCP6160018,Management Communication,CLEMONS,S,1/21/24,4/24/24,R,12:00 PM,1:29 PM,0.5,18,694,19,121,2.8,3.2,2.1,2.2,CLEMONS,,,,,,,,,,,,,,
227,202510,WHCP6160019,Management Communication,SEVGEN,S,1/21/24,4/24/24,R,1:45 PM,3:14 PM,0.5,18,73,-13,121,2.8,3.2,2.1,2.2,SEVGEN,,,,,,,,,,,,,,
228,202510,WHCP6160020,Management Communication,SCHMIDT,S,1/21/24,4/24/24,R,3:30 PM,4:59 PM,0.5,18,31,8,121,2.8,3.2,2.1,2.2,SCHMIDT,,,,,,,,,,,,,,
229,202510,WHCP6160021,Management Communication,DENEHY,S,1/21/24,4/24/24,M,5:15 PM,6:44 PM,0.5,18,26,-21,121,2.8,3.2,2.1,2.2,DENEHY,,,,,,,,,,,,,,
230,202510,WHCP6160022,Management Communication,STRICKLAND,S,1/21/24,4/24/24,T,5:15 PM,6:44 PM,0.5,18,539,12,121,2.8,3.2,2.1,2.2,STRICKLAND,,,,,,,,,,,,,,
231,202510,WHCP6160023,Management Communication,FITZGERALD,S,1/21/24,4/24/24,W,5:15 PM,6:44 PM,0.5,18,0,-12,121,2.8,3.2,2.1,2.2,FITZGERALD,,,,,,,,,,,,,,
232,202510,WHCP6180001,Entrepreneurial Communication,ZOD,S,1/21/24,4/24/24,T,12:00 PM,1:29 PM,0.5,18,211,-4,6,2.2,2.6,1.9,2.8,ZOD,1.92,2.69,2,2.67,,,,,,,,,,
233,202510,WHCP6180002,Entrepreneurial Communication,WEISS,S,1/21/24,4/24/24,W,1:45 PM,3:14 PM,0.5,18,285,0,6,2.2,2.6,1.9,2.8,WEISS,,,,,,,,,,,,,,
234,202510,WHCP8930001,Writing for Business Audiences,FISHER,3,1/22/24,2/26/24,W,3:30 PM,4:59 PM,0.25,8,0,0,25,2.9,3.1,1.8,2.3,FISHER,2.56,2.79,1.73,2.28,,,,,,,,,,
235,202510,WHCP8930002,Writing for Business Audiences,FISHER,4,3/19/24,4/23/24,W,3:30 PM,4:59 PM,0.25,8,0,0,25,2.9,3.1,1.8,2.3,FISHER,2.56,2.79,1.73,2.28,,,,,,,,,,
,,WHCP6180003,Entrepreneurial Communication,STRICKLAND,S,1/21/24,4/24/24,W,12:00 PM,1:29 PM,0.5,18,248,0,6,2.2,2.6,1.9,2.8,STRICKLAND,,,,,,,,,,,,,,